{
  "kta_fixed": 0.28121241720278484,
  "kta_trained": 0.578269850582953,
  "acc_fixed": 0.8768996960486322,
  "acc_trained": 0.9090045592705167,
  "acc_rf": 0.9036854103343466,
  "learned_importance": [
    1.1534461779783403,
    1.8533312869718437,
    0.18293864646849065,
    1.1033063771354585,
    0.6363640919437183,
    0.192347935681348
  ],
  "rf_importance": [
    0.2026967313994532,
    0.15057272085259849,
    0.10596600185742847,
    0.14777731628982885,
    0.3228210839038462,
    0.07016614569684476
  ],
  "feature_names": [
    "worst perimeter",
    "worst area",
    "worst radius",
    "mean concave points",
    "worst concave points",
    "mean perimeter"
  ],
  "spearman_corr": 0.5428571428571429,
  "spearman_p": 0.26570262390670546,
  "train_time_s": 49.70019030570984,
  "n_train": 80,
  "n_test": 150
}